
#Kaya to Takagi
JAP_an_icon_dismantled코0=An Icon Dismantled
JAP_an_icon_dismantled_desc코0=
JAP_new_funding코0=New Funding
JAP_new_funding_desc코0=
JAP_restore_sanity코0=Restore Sanity
JAP_restore_sanity_desc코0=
JAP_a_favor_to_the_zaibatsu코0=A Favor to the Zaibatsu
JAP_a_favor_to_the_zaibatsu_desc코0=
JAP_loosen_censorship코0=Loosen Censorship
JAP_loosen_censorship_desc코0=
JAP_new_research_contracts코0=New Research Contracts
JAP_new_research_contracts_desc코0=
JAP_restore_property코0=Restore Lost Property
JAP_restore_property_desc코0=
JAP_placate_the_army코0=Placate the Army
JAP_placate_the_army_desc코0=
JAP_rally_against_the_reformers코0=Rally Against the Reformers
JAP_rally_against_the_reformers_desc코0=
JAP_controlled_descent코0=Controlled Descent
JAP_controlled_descent_desc코0=
JAP_sell_what_was_seized코0=Sell What Was Seized
JAP_sell_what_was_seized_desc코0=
JAP_decentralize_ownership코0=Decentralize Ownership
JAP_decentralize_ownership_desc코0=
JAP_shock_therapy코0=Shock Therapy
JAP_shock_therapy_desc코0=
JAP_reinforce_the_navy코0=Reinforce the Navy
JAP_reinforce_the_navy_desc코0=
JAP_takagis_mandate코0=Takagi's Mandate
JAP_takagis_mandate_desc코0=
JAP_lunch_at_sumitomo코0=Lunch at Sumitomo
JAP_lunch_at_sumitomo_desc코0=
JAP_something_mitsubishi코0=Mitsubishi Pacified
JAP_something_mitsubishi_desc코0=
JAP_a_modern_economy코0=A Modern Economy
JAP_a_modern_economy_desc코0=
JAP_temper_mitsubishi코0=Temper Mitsubishi
JAP_temper_mitsubishi_desc코0=
JAP_isolate_mitsubishi코0=Isolate Mitsubishi
JAP_isolate_mitsubishi_desc코0=
JAP_mitsui_connections코0=Mitsui Connections
JAP_mitsui_connections_desc코0=
JAP_stabilize_the_old_order코0=Stabilize the Old Order
JAP_stabilize_the_old_order_desc코0=
JAP_the_makao_model코0=The Makao Model
JAP_the_makao_model_desc코0=
JAP_legalize_public_sports_gambling코0=Legalize "Public Sports" Gambling
JAP_legalize_public_sports_gambling_desc코0=
JAP_lock_out_the_zaibatsu코0=Lock Out the Zaibatsus
JAP_lock_out_the_zaibatsu_desc코0=
JAP_a_lighter_hand_in_the_colonies코0=A Lighter Hand in the Colonies
JAP_a_lighter_hand_in_the_colonies_desc코0=
JAP_new_markets코0=New Markets
JAP_new_markets_desc코0=
JAP_entice_the_scientists코0=Entice the Scientists
JAP_entice_the_scientists_desc코0=
JAP_the_ighq_research_group코0=The IGHQ Research Group
JAP_the_ighq_research_group_desc코0=
JAP_exhibit_munition_designs코0=Exhibit Munition Designs
JAP_exhibit_munition_designs_desc코0=
JAP_promise_investment코0=Promise Investment
JAP_promise_investment_desc코0=
JAP_woo_the_officers코0=Woo the Officers
JAP_woo_the_officers_desc코0=
JAP_the_navy_our_lifeline코0=The Navy, Our Lifeline
JAP_the_navy_our_lifeline_desc코0=
JAP_mediate_a_research_agreement코0=Mediate a Research Agreement
JAP_mediate_a_research_agreement_desc코0=
JAP_balance_the_branches코0=Balance the Branches
JAP_balance_the_branches_desc코0=
JAP_the_year_committee코0=The [GetYear] Committee
JAP_the_year_committee_desc코0=
JAP_supply_and_confidence코0=Supply and Confidence
JAP_supply_and_confidence_desc코0=
JAP_a_broad_based_majority코0=A Broad-Based Majority
JAP_a_broad_based_majority_desc코0=
JAP_the_big_tent_hakkou_ichiu코0=The Big Tent Hakko Ichiu
JAP_the_big_tent_hakkou_ichiu_desc코0=
JAP_protecting_the_emperor코0=Protecting the Emperor
JAP_protecting_the_emperor_desc코0=
JAP_allow_diet_working_groups코0=Allow Diet Working Groups
JAP_allow_diet_working_groups_desc코0=
JAP_the_pendulum_swings코0=The Pendulum Swings
JAP_the_pendulum_swings_desc코0=
JAP_the_olive_branch코0=The Olive Branch
JAP_the_olive_branch_desc코0=
JAP_a_new_vision코0=A New Vision
JAP_a_new_vision_desc코0=
JAP_new_relationships코0=New Relationships
JAP_new_relationships_desc코0=
JAP_the_army_our_right_hand코0=The Army, Our Right Hand
JAP_the_army_our_right_hand_desc코0=

