AZW_Intalla_ag_Attaher_hog코0=Intalla ag Attaher
AZW_Bey_ag_Akhamouk_for코0=Bey ag Akhamouk
AZW_Zodi_Ikhia_eco코0=Zodi Ikhia
AZW_Intalla_ag_Attaher_sec코0=Intalla ag Attaher

CAO_Felix_Roland_Moumie_hog코0=Félix Roland Moumié
CAO_Jean_Fochive_for코0=Jean Fochivé
CAO_Joseph_Tchundjang_Pouemi_eco코0=Joseph Tchundjang Pouemi
CAO_Osende_Afana_sec코0=Osendé Afana

FTF_Murtala_Mohammed_hog코0=Murtala Mohammed
FTF_Barema_Bocoum_for코0=Baréma Bocoum
FTF_Amadou_Hampate_Ba_eco코0=Amadou Hampâté Bâ
FTF_Tunde_Idiagbon_sec코0=Tunde Idiagbon

GBE_Justin_Ahomadegbe_Tometin_hog코0=Justin Ahomadégbé-Tomêtin
GBE_Hubert_Maga_eco코0=Hubert Maga
GBE_Christophe_Soglo_sec코0=Christophe Soglo

EWE_Edward_Akufo_Addo_hog코0=Edward Akufo-Addo
EWE_Ebenezer_Ako_Adjei_for코0=Ebenezer Ako-Adjei
EWE_Emmanuel_Obetsebi_Lamptey_eco코0=Emmanuel Obetsebi-Lamptey
EWE_Ignatius_Kutu_Acheampong_sec코0=Ignatius Kutu Acheampong

SUS_Louis_Lansana_Beavogui_hog코0=Louis Lansana Beavogui
SUS_Ismael_Toure_for코0=Ismaël Touré
SUS_NFamara_Keita_eco코0=N'Famara Keïta
SUS_Noumandian_Keita_sec코0=Noumandian Keita

JOL_Sheriff_Mustapha_Dibba_hog코0=Sheriff Mustapha Dibba

KNM_Hissene_Habre_hog코0=Hissène Habré
KNM_Alhadj_Adam_Adji_Hassan_eco코0=Alhadj Adam Adji Hassan
KNM_Hissene_Habre_sec코0=Hissène Habré

KAY_Kissima_Doukara_hog코0=Kissima Doukara
KAY_Abdoulaye_Soumare_for코0=Abdoulaye Soumaré
KAY_Moussa_Traore_eco코0=Moussa Traoré
KAY_Yoro_Diakite_sec코0=Yoro Diakité

AYR_Ibrahim_ibn_Umaru_hog코0=Ibrahim ibn 'Umaru

LIB_William_Tolbert_hog코0=William Tolbert
LIB_Joseph_Rudolph_Grimes_for코0=Joseph Rudolph Grimes
LIB_James_A_A_Pierre_eco코0=James A. A. Pierre
LIB_Alford_Russ_sec코0=Alford Russ

MDI_David_Lansana_hog코0=David Lansana

BKF_Maurice_Yameogo_hog코0=Maurice Yaméogo
BKF_Moussa_Kargougou_for코0=Moussa Kargougou
BKF_Gerard_Kango_Ouedraogo_eco코0=Gérard Kango Ouédraogo
BKF_Aboubacar_Sangoule_Lamizana_sec코0=Aboubacar Sangoulé Lamizana

HAU_Shehu_Shagari_hog코0=Shehu Shagari
HAU_Adamou_Mayaki_for코0=Adamou Mayaki
HAU_Mamadou_Maidah_eco코0=Mamadou Maidah
HAU_Mamadou_Tandja_sec코0=Mamadou Tandja

TRZ_Moustapha_Ould_Mohamed_Saleck_hog코0=Moustapha Ould Mohamed Saleck
TRZ_Ahmed_Baba_Miske_for코0=Ahmed Baba Miské
TRZ_Ahmed_Ould_Mohamed_Saleh_eco코0=Ahmed Ould Mohamed Saleh
TRZ_Athie_Hamath_sec코0=Athié Hamath

ZAR_Seyni_Kountche_hog코0=Seyni Kountché
ZAR_Seyni_Kountche_for코0=Seyni Kountché
ZAR_Seyni_Kountche_eco코0=Seyni Kountché
ZAR_Ali_Saibou_sec코0=Ali Saibou
