
#######
# HUN #
#######

### DSR ###

DSR_Andreas_Baader_hog_com_des코0=General Andreas Baader
Andreas_Baader_dead코0= is incapable of holding any posts.
Andreas_Baader_fired코0= is incapable of holding this post.

################################################################################################################################################################################################
### CAU
################################################################################################################################################################################################

CAU_Wittekind_Waldeck_hog코0=Wittekind zu Waldeck und Pyrmont
CAU_Herbert_Backe_hog코0=Herbert Backe
CAU_Hans_Kehrl_eco코0=Hans Kehrl
CAU_KarlHeinz_Burger_sec코0=Karl-Heinz Bürger
CAU_Karl_Blessing_hog코0=Karl Blessing
CAU_Paul_Pleiger_for코0=Paul Pleiger
CAU_Otto_Abetz_for코0=Otto Abetz
CAU_Eugen_Ott_for코0=Eugen Ott
CAU_Georg_Lorner_eco코0=Goerg Lörner
CAU_Konstantin_Kammerhofer_sec코0=Konstantin Kammerhofer
CAU_Otto_Stapf_sec코0=Otto Stapf

################################################################################################################################################################################################
### HOL
################################################################################################################################################################################################
#Deputy Leader
HOL_Friedrich_Wimmer_hog코0=Friedrich Wimmer
HOL_Hans_Linthorst_Homan_hog코0=Hans Linthorst Homan
#Foreign Minister
HOL_Fritz_Schmidt_for코0=Fritz Shmidt
HOL_Louis_Einthoven_for코0=Louis Einthoven
#Economy Minister
HOL_Hans_Fischbock_eco코0=Hans Fischböck
HOL_Jelle_Zijlstra_eco코0=Jelle Zijlstra
#Security Minister
HOL_Friedrich_Christiansen_sec코0=Friedrich Christiansen
HOL_Jan_De_Quay_sec코0=Jan de Quay

################################################################################################################################################################################################
### INS - BlizzardOfOzy
################################################################################################################################################################################################

### Head of Government ###
INS_Seizaburo_Okazaki_hog_des코0=Seizaburo Okazaki
Seizaburo_Okazaki_dead코0= is incapable of holding any posts.
Seizaburo_Okazaki_hog_fired코0= is incapable of holding this post.

### Foreign Minister ###
INS_Hitoshi_Imamura_for_ade코0=Hitoshi Imamura
Hitoshi_Imamura_dead코0= is incapable of holding any posts.
Hitoshi_Imamura_for_fired코0= is incapable of holding this post.

### Economy Minister ###
INS_Hayashi_Kyujiro_eco_des코0=Hayashi Kyujiro
Hayashi_Kyujiro_dead코0= is incapable of holding any posts.
Hayashi_Kyujiro_eco_fired코0= is incapable of holding this post.

### Security Minister ###
INS_Shinshichiro_Kokubu_sec_ns코0=Shinshichiro Kokubu
Shinshichiro_Kokubu_dead코0= is incapable of holding any posts.
Shinshichiro_Kokubu_sec_fired코0= is incapable of holding this post.

################################################################################################################################################################################################
### FFR
################################################################################################################################################################################################

### Head of Government ###
FFR_Jacques_Chaban_Delmas_dep코0=Jacques Chaban-Delmas

### Foreign Minister ###
FFR_Georges_Pompidou_for코0=Georges Pompidou

### Economy Minister ###
FFR_Maurice_Schumann_eco코0=Maurice Schumann

### Security Minister ###
FFR_Paul_Legentilhomme_mil코0=Paul Legentilhomme

##################################################################################################################################################################################################
### ENG
##################################################################################################################################################################################################

### HoG ###
ENG_Powell_Enoch_dep코0=Enoch Powell

### Foreign Minister ###

### Economy Minister ###
ENG_Sandys_Duncan_eco코0=Duncan Sandys

### Security Minister ###


##################################################################################################################################################################################################
### USA
##################################################################################################################################################################################################

USA_J_William_Fulbright_pol코0=J. William Fulbright
USA_Robert_Byrd_mil코0=Robert Byrd
USA_Mendel_Rivers_mil코0=L. Mendel Rivers
USA_Wilbur_Mills_eco코0=Wilbur Mills
USA_Russell_Long_eco코0=Russell B. Long
USA_Maxwell_Taylor_dep코0=Maxwell Taylor
USA_Spiro_Agnew_dep코0=Spiro Agnew
USA_Caspar_Weinberger_eco코0=Caspar Weinberger
USA_Jeane_Kirkpatrick_pol코0=Jeane Kirkpatrick
USA_John_Stennis_mil코0=John Stennis
USA_Spiro_Agnew_pol코0=Spiro Agnew
####################################################################################################################################################################################################
### Italian Gulf
####################################################################################################################################################################################################

### Mattei
GUL_Zayed_bin_Sultan_Al_Nahyan_hog코0=Zayed bin Sultan Al Nahyan
GUL_Giorgio_Fua_eco코0=Giorgio Fua
GUL_Irnerio_Bertuzzi_sec코0=Irnerio Bertuzzi
GUL_Giorgio_Ruffolo_for코0=Giorgio Ruffolo

### Oriana
GUL_Gino_De_Giorgi_hog코0=Gino De Giorgi
GUL_Giuseppe_Azzaro_eco코0=Giuseppe Azzaro
GUL_Aldo_Baldini_sec코0=Aldo Baldini
GUL_Giorgio_Santuz_for코0=Giorgio Santuz

### UAE Zayed
GUL_Rashid_bin_Saeed_Al_Maktoum_hog코0=Rashid bin Saeed Al Maktoum
GUL_Khalifa_bin_Salman_Al_Khalifa_eco코0=Khalifa bin Salman Al Khalifa
GUL_Sabah_Al_Salim_Al_Sabah_sec코0=Sabah Al-Salim Al-Sabah
GUL_Saif_Ghobash_for코0=Saif Ghobash

### UAE Shakhbut
GUL_Rashid_bin_Humaid_Al_Nuaimi_iii_hog코0=Rashid bin Humaid Al Nuaimi III
GUL_Ahmad_bin_Rashid_Al_Mualla_eco코0=Ahmad bin Rashid Al Mualla
GUL_Khalid_bin_Mohammed_Al_Qasimi_sec코0=Khalid bin Mohammed Al Qasimi
GUL_Khalifa_bin_Hamad_Al_Thani_for코0=Khalifa bin Hamad Al Thani

#####################################################################################################################################################################################################
### Croatia
#####################################################################################################################################################################################################

#despotism
CRO_Emilio_Grazioli_hog코0=Emilio Grazioli
CRO_Giuseppe_Lombrassa_eco코0=Giuseppe Lombrassa
CRO_Vincenzo_Serrentino_sec코0=Vincenzo Serrentino
CRO_Giuseppe_Bastianini_for코0=Giuseppe Bastianini

#NatSoc
CRO_Andrija_Artukovic_hog코0=Andrija Artuković
CRO_Vladimir_Kosak_eco코0=Vladimir Košak
CRO_Ante_Vokic_sec코0=Ante Vokić
CRO_Mladen_Lorkovic_for코0=Mladen Lorković

#AuthDem
CRO_Andrija_Hebrang_hog코0=Andrija Hebrang
CRO_Leon_Gerskovic_eco코0=Leon Geršković
CRO_Ivan_Gosnjak_sec코0=Ivan Gošnjak
#CRO_Leon_Gerskovic_eco:0 "Leon Gerskovic" #duplicate loc key
#CRO_Ivan_Gosnjak_sec:0 "Ivan Gosnjak" #duplicate loc key
CRO_Edvard_Kardelj_for코0=Edvard Kardelj

#AuthSoc
CRO_Vladimir_Bakaric_hog코0=Vladimir Bakarić

######################################################################################################################################################################################################
### Italian East Africa
######################################################################################################################################################################################################

IEA_Vincenzo_Di_Meglio_hog코0=Vincenzo Di Meglio
IEA_Giovanni_Demaria_eco코0=Giovanni Demaria
IEA_Gaetano_Catalano_Gonzaga_sec코0=Gaetano Catalano Gonzaga
IEA_Enrico_Martino_for코0=Enrico Martino

#######################################################################################################################################################################################################
### Egypt
#######################################################################################################################################################################################################
### Farouk
EGY_Italo_Balbo_hog코0=Italo Balbo
EGY_Makram_Ebeid_Pasha_eco코0=Makram Ebeid Pasha
EGY_Ismail_Chirine_sec코0=Ismail Chirine
EGY_Hussein_Serry_Pasha_for코0=Hussein Serry Pasha

### Qutb
EGQ_Hassan_al_Hudaybi_hog코0=Hassan al-Hudaybi
EGQ_Youssef_Nada_eco코0=Youssef Nada
EGQ_Rashad_Mehanna_sec코0=Rashad Mehanna
EGQ_Said_Ramadan_for코0=Said Ramadan

### Ba'athist Egypt
EGB_Zakaria_Mohieddin_hog코0=Zakaria Mohieddin
EGB_Abdel_Latif_Boghdadi_eco코0=Abdel Latif Boghdadi
EGB_Mohamed_Naguib_sec코0=Mohamed Naguib
EGB_Mahmoud_Fawzi_for코0=Mahmoud Fawzi

### Faud Regency
EGY_Ibrahim_Abdel_Hady_Pasha_hog코0=Ibrahim Abdel Hady Pasha
EGY_Fouad_Serageddin_eco코0=Fouad Serageddin
EGY_Abdul_Khalek_Hassouna_for코0=Abdul Khalek Hassouna

########################################################################################################################################################################################################
### Yemen
########################################################################################################################################################################################################

YEM_Qahtan_Muhammad_al_Shaabi_hog코0=Qahtan Muhammad al-Shaabi
YEM_Abdul_Aziz_Abdul_Ghani_eco코0=Abdul Aziz Abdul Ghani
YEM_Abdul_Rahman_al_Eryani_sec코0=Abdul Rahman al-Eryani
YEM_Ahmad_Muhammad_Numan_for코0=Ahmad Muhammad Numan

### Republic of Yemen
NYM_Al_Hassain_bin_Yahya_hog코0=Al-Hassain bin Yahya
NYM_Faisal_Bin_Shamlan_eco코0=Faisal Bin Shamlan
NYM_Muhammad_bin_al_Hussein_sec코0=Muhhamad bin al-Hussein
NYM_Badreddin_al_Houthi_for코0=Badreddin al-Houthi

#########################################################################################################################################################################################################
### Greece
#########################################################################################################################################################################################################

GRE_Luigi_Mascherpa_hog코0=Luigi Mascherpa
GRE_Nikolaos_Bourantas_eco코0=Nikolaos Bourantas
GRE_Xenophon_Giosmas_sec코0=Xenophon Giosmas
GRE_Georgios_Themelis_for코0=Georgios Themelis

##########################################################################################################################################################################################################
### Bosnia
##########################################################################################################################################################################################################

BOS_Mehmed_Handzic_hog코0=Mehmed Handzic
BOS_Salih_Behmen_eco코0=Salih Behmen
BOS_Omer_Behmen_sec코0=Omer Behmen
BOS_Esad_Karadozovic_for코0=Esad Karadozovic

###########################################################
### Correntia
############################################################

COR_Guido_Cortese_hog코0=Guido Cortese
COR_Michele_Sindona_eco코0=Michele Sindona
COR_Gianadelio_Maletti_sec코0=Giandelio Maletti
COR_Ferruccio_Stefenelli_for코0=Ferruccio Stefenelli

#############################################################################################################################################################################################################
### Italian Algeria
#############################################################################################################################################################################################################

ILG_Pierre_Guillaume_dep코0=Pierre Guillaume
ILG_Enrico_Braggiotti_eco코0=Enrico Braggiotti
ILG_Fernando_Tanucci_Nannini_sec코0=Fernando Tannucci Nannini
ILG_Luciano_Mascia_for코0=Luciano Mascia

##############################################################################################################################################################################################################
### IME
##############################################################################################################################################################################################################
### Colombo
IME_Vincenzo_Cujuli_hog코0=Vincenzo Cujuli
IME_Adelchi_Serena_eco코0=Adelchi Serena
IME_Pietro_Koch_sec코0=Pietro Koch
IME_Guido_Alberto_Alfieri_for코0=Guido Alberto Alfieri

### Confederation
PAL_Victor_Shem_Tov_hog코0=Victor Shem-Tov
PAL_Labib_Hussein_Abu_Rokan_eco코0=Labib Hussein Abu Rokan
PAL_Rashid_Karami_sec코0=Rashid Karami
PAL_Charles_Malik_for코0=Charles Malik

### Two-State Palestine
PAL_Ahmad_Shukeiri_hog코0=Ahmad Shukeiri
PAL_Salem_Hanna_Khamis_eco코0=Salem Hanna Khamis
PAL_Khalil_al_Wazir_sec코0=Khalil al-Wazir
PAL_Salah_Khalaf_for코0=Salah Khalaf

### Two-State Israel
ISR_Yosef_Sapir_hog코0=Yosef Sapir
ISR_Pinchas_Sapir_eco코0=Pinchas Sapir
ISR_Yigal_Allon_sec코0=Yigal Allon
ISR_Abba_Eban_for코0=Abba Eban

### Kingdom
PAL_Abd_al_Qadir_al_Husayni_hog코0=Abd al-Qadir al-Husayni
PAL_Said_Al_Mufti_eco코0=Sa'id Al-Mufti
PAL_Hasan_Salama_sec코0=Hasan Salama
PAL_Hazem_Nuseibeh_for코0=Hazem Nuseibeh

### Lehi Israel
ISR_Hanoch_Kalai_hog코0=Hanoch Kalai
ISR_David_Stern_eco코0=David Stern
ISR_Yaakov_Banai_sec코0=Yaakov 'Mazal' Banai
ISR_Israel_Eldad_for코0=Israel Eldad

### Syria
DAM_Khalid_al_Azm_hog코0=Khalid al-Azm
DAM_Izzat_Traboulsi_eco코0=Izzat Traboulsi
DAM_Fawzi_Selu_sec코0=Fawzi Selu
DAM_Khalil_Mardam_Bey_for코0=Khalil Mardam Bey

### UltNat Palestine
PAL_Said_al_Muragha_hog코0=Said al-Muragha
PAL_Sabri_Khalil_al_Banna_eco코0=Sabri Khalil al-Banna
PAL_Wadie_Haddad_sec코0=Wadie Haddad
PAL_Zuheir_Moshen_for코0=Zuheir Moshen

### AuthSoc Palestine
PAL_Nayef_Hawatmeh_hog코0=Nayef Hawatmeh
PAL_Bashir_Barghouti_eco코0=Bashir Barghouti
PAL_Bassam_Abu_Sharif_sec코0=Bassam Abu Sharif
PAL_Muhammad_Najati_Sidqi_for코0=Muhammad Najati Sidqi

### Irgun Israel
ISR_David_Raziel_hog코0=David Raziel
ISR_Yaakov_Meridor_eco코0=Ya'akov Meridor
ISR_Shmuel_Katz_sec코0=Shmuel Katz
ISR_Aryeh_Ben_Eliezer_for코0=Aryeh Ben-Eliezer

##########
#CLN GCW2#
##########

CLN_vincenzo_moscatelli_hog코0=Vincenzo 'Cino' Moscatelli
CLN_enrico_martini_sec코0=Enrico 'Mauri' Martini
CLN_felice_cascione_eco코0=Felice 'U megu' Cascione
CLN_benvenuto_revelli_for코0=Benvenuto 'Nuto' Revelli

##########
#ARC GCW2#
##########

ARC_konstantin_chernenko_hog코0=Konstantin Chernenko
ARC_yuriy_drozdov_sec코0=Yuriy Drozhdov
ARC_lev_voznesensky_eco코0=Lev Voznesensky
ARC_boris_pryanishnikov_for코0=Boris Pryanishkov

##########
#KYR GCW2#
##########

KYR_Duishonaly_Babakhanov_hog코0=Duishonaly Babakhnov
KYR_Aman_Supatayev_sec코0=Aman Supatayev
KYR_Bayaly_Isakeev_eco코0=Bayaly Isakeev
KYR_Murat_Salikhov_for코0=Murat Salikhov

##########
#TRK GCW2#
##########

TRK_Yulian_Zverev_hog코0=Yulian Zverev
TRK_Sergey_Lugansky_sec코0=Sergey Lugansky
TRK_Balysh_Ovezov_eco코0=Balysh Ovezov
TRK_Sukhan_Babaev_for코0=Sukhan Babaev


##########
#UZB GCW2#
##########

UZB_Abdulla_Qahor_hog코0=Abdulla Qahor
UZB_Azad_Beg_Kerimi_sec코0=Azad Beg Kerimi
UZB_Abdul_Rashid_Dostum_eco코0=Abdul Rashid Dostum
UZB_Domullo_Hindustani_for코0=Domullo Hindustani

##########
#AKT GCW2#
##########

AKT_Nikolai_Zabelkin_hog코0=Nikolai Zabelkin
AKT_alexei_kunitsa_sec코0=Alexei Kunitsa
AKT_Sadwaqas_Ghylmani_eco코0=Sadwaqas Ghylmani
AKT_Absattar_Derbisali_for코0=Absattar Derbisali

